post_id,topic,author,content,timestamp,comment_number
1,"Currently cuddled on the couch with my dog, cat and two month old daughter.",Human_Strawberry_664,[img]: https://styles.redditmedia.com/t5_2yuqy/styles/communityIcon_8q8ca4zwx7921.jpg?format=pjpg&s=54bf7154af5cb6dcf82f1f3d69f5c1f148e136d2,2022/04/05 06:00,21
2,"Dog, cat, cat",JjyKs,[img]: https://www.redditstatic.com/desktop2x/img/renderTimingPixel.png,2022/04/05 11:00,10
3,dog cat friend,Embarrassed_Role_452,[img]: https://a.thumbs.redditmedia.com/vgsdeI9NEO30dWRjRJ8uI91pq3iqG-WhoND9XrBvY_4.png,2022/04/05 16:00,3
4,LPT: Back killing you? Got a dog or cat? Or ? Stretch every time they do. Way more fun than a reminder alarm. Plus your dog/cat/parrot/iguana/sea monster/pterodactyl pal will think you're awesome.,sixup604,[img]: https://styles.redditmedia.com/t5_2s5oq/styles/communityIcon_sh9nku5fwi241.png,2022/04/05 20:00,32
5,"So, why exactly can't I feed my dog cat food?",cerels,[img]: https://styles.redditmedia.com/t5_2qhhk/styles/communityIcon_n7ckf4gv4ik11.png,2022/04/05 19:00,19
6,This is Pip. The dog cat asking to play fetch,jnvillagomez,[img]: https://styles.redditmedia.com/t5_2qh1o/styles/communityIcon_6fzlk8ukx6s51.jpg?format=pjpg&s=4cc161bfc83fc7595c62d661a34facbaa1c4c874,2022/04/05 20:00,7
7,"Dallas could ban dog, cat sales in pet stores",ReheatedZiti,[link]: https://www.axios.com/local/dallas/2021/12/17/dallas-ban-puppy-sales-pet-stores,2022/04/05 18:00,76
8,Our Dog Cat Hanzee,EquableConsolidation,[link]: https://i.imgur.com/kU2RuLG.jpeg,2022/04/05 11:00,0
9,Pink Dog (Cat) rises,GemKnightFag,[img]: https://styles.redditmedia.com/t5_2qlzfy/styles/communityIcon_21cvz0xaf5451.png,2022/04/05 20:00,2
